HOR.VER,name,description,start,end,referenceName,referenceDescription,referenceStart,referenceEnd,xOffset,yOffset,zOffset,pitch,roll,azimuth,referenceLatitude,referenceLongitude,referenceElevation,eastOffset,northOffset,xAzimuth,yAzimuth
"000.010",CFGLOC112807,"Wind River PAR Radiation and IR Biological Temp L1","2010-01-01T00:00:00Z",,TOWER112650,"Wind River Tower","2010-01-01T00:00:00Z",,51.15,-10.31,0.33,-68.00,0.00,135.00,45.820486,-121.951967,351.26,-43.46,-28.88,225.00,135.00
"000.020",CFGLOC112811,"Wind River PAR Radiation and IR Biological Temp L2","2010-01-01T00:00:00Z",,TOWER112650,"Wind River Tower","2010-01-01T00:00:00Z",,2.69,5.97,12.10,-68.00,0.00,135.00,45.820486,-121.951967,351.26,2.32,-6.12,225.00,135.00
"000.030",CFGLOC112815,"Wind River PAR Radiation and IR Biological Temp L3","2010-01-01T00:00:00Z",,TOWER112650,"Wind River Tower","2010-01-01T00:00:00Z",,2.69,5.97,23.91,-68.00,0.00,135.00,45.820486,-121.951967,351.26,2.32,-6.12,225.00,135.00
"000.040",CFGLOC112819,"Wind River PAR Radiation and IR Biological Temp L4","2010-01-01T00:00:00Z",,TOWER112650,"Wind River Tower","2010-01-01T00:00:00Z",,2.69,5.97,35.81,-68.00,0.00,135.00,45.820486,-121.951967,351.26,2.32,-6.12,225.00,135.00
"000.050",CFGLOC112823,"Wind River PAR Radiation and IR Biological Temp L5","2010-01-01T00:00:00Z",,TOWER112650,"Wind River Tower","2010-01-01T00:00:00Z",,2.69,5.97,41.70,-68.00,0.00,135.00,45.820486,-121.951967,351.26,2.32,-6.12,225.00,135.00
"000.060",CFGLOC112827,"Wind River PAR Radiation and IR Biological Temp L6","2010-01-01T00:00:00Z",,TOWER112650,"Wind River Tower","2010-01-01T00:00:00Z",,2.69,5.97,53.54,-68.00,0.00,135.00,45.820486,-121.951967,351.26,2.32,-6.12,225.00,135.00
"000.070",CFGLOC112831,"Wind River PAR Radiation and IR Biological Temp L7","2010-01-01T00:00:00Z",,TOWER112650,"Wind River Tower","2010-01-01T00:00:00Z",,2.69,5.97,59.44,0.00,0.00,0.00,45.820486,-121.951967,351.26,2.32,-6.12,225.00,135.00
"000.080",CFGLOC112838,"Wind River PAR Radiation Up","2010-01-01T00:00:00Z",,TOWER112650,"Wind River Tower","2010-01-01T00:00:00Z",,2.74,6.44,74.19,0.00,0.00,0.00,45.820486,-121.951967,351.26,2.62,-6.49,225.00,135.00
"000.080",CFGLOC112839,"Wind River PAR Radiation Down","2010-01-01T00:00:00Z",,TOWER112650,"Wind River Tower","2010-01-01T00:00:00Z",,2.74,6.44,74.11,0.00,0.00,0.00,45.820486,-121.951967,351.26,2.62,-6.49,225.00,135.00
