{
  "uuid": "d313668a-380a-4d85-afab-8f19ee4451e7",
  "timestamp": "2024-03-02T07:06:31Z",
  "zipFileName": "NEON_par",
  "mimeType": "application/zip",
  "productCode": "DP1.00024.001",
  "productName": "Photosynthetically active radiation (PAR)",
  "siteCodes": [
    "WREF"
  ],
  "startDate": "2019-09-01T00:00:00Z",
  "endDate": "2019-11-30T23:59:59Z",
  "packageType": "basic",
  "documents": [
    {
      "fileName": "NEON.DOC.011081vD.pdf",
      "downloadFileName": null,
      "type": "application/pdf",
      "fileSizeBytes": 488215,
      "description": "NEON Algorithm Theoretical Basis Document (ATBD) –  QA/QC Plausibility Testing",
      "uri": "https://data.neonscience.org/api/v0/documents/NEON.DOC.011081vD"
    },
    {
      "fileName": "NEON.DOC.001113vC.pdf",
      "downloadFileName": null,
      "type": "application/pdf",
      "fileSizeBytes": 1178860,
      "description": "NEON Algorithm Theoretical Basis Document (ATBD) –Quality Flags and Quality Metrics for TIS Data Products",
      "uri": "https://data.neonscience.org/api/v0/documents/NEON.DOC.001113vC"
    },
    {
      "fileName": "NEON.DOC.000416vB.pdf",
      "downloadFileName": null,
      "type": "application/pdf",
      "fileSizeBytes": 232158,
      "description": "NEON Sensor Command, Control and Configuration (C3) Document: Photosynthetically Active Radiation (PAR)",
      "uri": "https://data.neonscience.org/api/v0/documents/NEON.DOC.000416vB"
    },
    {
      "fileName": "NEON.DOC.000783vB.pdf",
      "downloadFileName": null,
      "type": "application/pdf",
      "fileSizeBytes": 383792,
      "description": "NEON Algorithm Theoretical Basis Document (ATBD) – Time Series Automatic Despiking for TIS Level 1 Data Products – QA/QC",
      "uri": "https://data.neonscience.org/api/v0/documents/NEON.DOC.000783vB"
    },
    {
      "fileName": "NEON.DOC.000781vE.pdf",
      "downloadFileName": null,
      "type": "application/pdf",
      "fileSizeBytes": 476770,
      "description": "NEON Algorithm Theoretical Basis Document (ATBD) – Photosynthetically Active Radiation (PAR)",
      "uri": "https://data.neonscience.org/api/v0/documents/NEON.DOC.000781vE"
    },
    {
      "fileName": "NEON.DOC.004429vC.pdf",
      "downloadFileName": null,
      "type": "application/pdf",
      "fileSizeBytes": 11984312,
      "description": "NEON Preventive Maintenance Procedure: Radiation Sensors",
      "uri": "https://data.neonscience.org/api/v0/documents/NEON.DOC.004429vC"
    },
    {
      "fileName": "NEON.QSG.DP1.00024.001v1.pdf",
      "downloadFileName": null,
      "type": "application/pdf",
      "fileSizeBytes": 189092,
      "description": "Quick Start Guide for Photosynthetically active radiation (PAR) (DP1.00024.001)",
      "uri": "https://data.neonscience.org/api/v0/documents/quick-start-guides/NEON.QSG.DP1.00024.001v1.pdf"
    }
  ],
  "releases": [
    {
      "release": "RELEASE-2024",
      "generationDate": "2024-01-27T00:04:25Z",
      "packages": [
        {
          "release": "RELEASE-2024",
          "productCode": "DP1.00024.001",
          "domainCode": "D16",
          "siteCode": "WREF",
          "month": "2019-09",
          "packageType": "basic",
          "generationDate": "2023-01-27T12:07:53Z",
          "files": [
            {
              "fileName": "NEON.D16.WREF.DP1.00024.001.000.030.030.PARPAR_30min.2019-09.basic.20221212T222519Z.csv",
              "downloadFileName": null,
              "uri": "https://data.neonscience.org/api/v0/releases/RELEASE-2024/data/DP1.00024.001/WREF/2019-09/NEON.D16.WREF.DP1.00024.001.000.030.030.PARPAR_30min.2019-09.basic.20221212T222519Z.csv",
              "fileSizeBytes": 137166,
              "checksum": "d57323b082c3ffb16bc335b50406d72c",
              "checksumAlgorithm": "MD5"
            },
            {
              "fileName": "NEON.D16.WREF.DP1.00024.001.000.020.001.PARPAR_1min.2019-09.basic.20221212T222519Z.csv",
              "downloadFileName": null,
              "uri": "https://data.neonscience.org/api/v0/releases/RELEASE-2024/data/DP1.00024.001/WREF/2019-09/NEON.D16.WREF.DP1.00024.001.000.020.001.PARPAR_1min.2019-09.basic.20221212T222519Z.csv",
              "fileSizeBytes": 3992531,
              "checksum": "2c288ad500f122f03968cab96341de0f",
              "checksumAlgorithm": "MD5"
            },
            {
              "fileName": "NEON.D16.WREF.DP1.00024.001.000.070.001.PARPAR_1min.2019-09.basic.20221212T222519Z.csv",
              "downloadFileName": null,
              "uri": "https://data.neonscience.org/api/v0/releases/RELEASE-2024/data/DP1.00024.001/WREF/2019-09/NEON.D16.WREF.DP1.00024.001.000.070.001.PARPAR_1min.2019-09.basic.20221212T222519Z.csv",
              "fileSizeBytes": 4033965,
              "checksum": "f506053c50ab37895670b64b180ceac8",
              "checksumAlgorithm": "MD5"
            },
            {
              "fileName": "NEON.D16.WREF.DP1.00024.001.000.010.030.PARPAR_30min.2019-09.basic.20221212T222519Z.csv",
              "downloadFileName": null,
              "uri": "https://data.neonscience.org/api/v0/releases/RELEASE-2024/data/DP1.00024.001/WREF/2019-09/NEON.D16.WREF.DP1.00024.001.000.010.030.PARPAR_30min.2019-09.basic.20221212T222519Z.csv",
              "fileSizeBytes": 133933,
              "checksum": "3f5eb39e03be691f02a68e7f38e4015c",
              "checksumAlgorithm": "MD5"
            },
            {
              "fileName": "NEON.D16.WREF.DP1.00024.001.000.060.001.PARPAR_1min.2019-09.basic.20221212T222519Z.csv",
              "downloadFileName": null,
              "uri": "https://data.neonscience.org/api/v0/releases/RELEASE-2024/data/DP1.00024.001/WREF/2019-09/NEON.D16.WREF.DP1.00024.001.000.060.001.PARPAR_1min.2019-09.basic.20221212T222519Z.csv",
              "fileSizeBytes": 4020940,
              "checksum": "fe363c0e79773c08dfcc543af0398198",
              "checksumAlgorithm": "MD5"
            },
            {
              "fileName": "NEON.D16.WREF.DP1.00024.001.000.020.030.PARPAR_30min.2019-09.basic.20221212T222519Z.csv",
              "downloadFileName": null,
              "uri": "https://data.neonscience.org/api/v0/releases/RELEASE-2024/data/DP1.00024.001/WREF/2019-09/NEON.D16.WREF.DP1.00024.001.000.020.030.PARPAR_30min.2019-09.basic.20221212T222519Z.csv",
              "fileSizeBytes": 137273,
              "checksum": "90019f288ab2ac663961d442460c4e2e",
              "checksumAlgorithm": "MD5"
            },
            {
              "fileName": "NEON.D16.WREF.DP1.00024.001.000.050.001.PARPAR_1min.2019-09.basic.20221212T222519Z.csv",
              "downloadFileName": null,
              "uri": "https://data.neonscience.org/api/v0/releases/RELEASE-2024/data/DP1.00024.001/WREF/2019-09/NEON.D16.WREF.DP1.00024.001.000.050.001.PARPAR_1min.2019-09.basic.20221212T222519Z.csv",
              "fileSizeBytes": 4023786,
              "checksum": "646844079bf721b2099749e9fdac0ccb",
              "checksumAlgorithm": "MD5"
            },
            {
              "fileName": "NEON.D16.WREF.DP1.00024.001.readme.20240127T000425Z.txt",
              "downloadFileName": null,
              "uri": "https://data.neonscience.org/api/v0/releases/RELEASE-2024/data/DP1.00024.001/WREF/2019-09/NEON.D16.WREF.DP1.00024.001.readme.20240127T000425Z.txt",
              "fileSizeBytes": 32950,
              "checksum": "7cba2e74aa4bceb5fec081314bb286e0",
              "checksumAlgorithm": "MD5"
            },
            {
              "fileName": "NEON.D16.WREF.DP1.00024.001.000.070.030.PARPAR_30min.2019-09.basic.20221212T222519Z.csv",
              "downloadFileName": null,
              "uri": "https://data.neonscience.org/api/v0/releases/RELEASE-2024/data/DP1.00024.001/WREF/2019-09/NEON.D16.WREF.DP1.00024.001.000.070.030.PARPAR_30min.2019-09.basic.20221212T222519Z.csv",
              "fileSizeBytes": 139354,
              "checksum": "daf8094c21b96f5c2fe4401240eaa1e7",
              "checksumAlgorithm": "MD5"
            },
            {
              "fileName": "NEON.D16.WREF.DP1.00024.001.000.080.030.PARPAR_30min.2019-09.basic.20221212T222519Z.csv",
              "downloadFileName": null,
              "uri": "https://data.neonscience.org/api/v0/releases/RELEASE-2024/data/DP1.00024.001/WREF/2019-09/NEON.D16.WREF.DP1.00024.001.000.080.030.PARPAR_30min.2019-09.basic.20221212T222519Z.csv",
              "fileSizeBytes": 183713,
              "checksum": "a144c4478b4456ca7e43414da72968ef",
              "checksumAlgorithm": "MD5"
            },
            {
              "fileName": "NEON.D16.WREF.DP1.00024.001.000.040.001.PARPAR_1min.2019-09.basic.20221212T222519Z.csv",
              "downloadFileName": null,
              "uri": "https://data.neonscience.org/api/v0/releases/RELEASE-2024/data/DP1.00024.001/WREF/2019-09/NEON.D16.WREF.DP1.00024.001.000.040.001.PARPAR_1min.2019-09.basic.20221212T222519Z.csv",
              "fileSizeBytes": 4011267,
              "checksum": "c23efcda87c5e2cf02f9dce4c641cab8",
              "checksumAlgorithm": "MD5"
            },
            {
              "fileName": "NEON.D16.WREF.DP1.00024.001.000.060.030.PARPAR_30min.2019-09.basic.20221212T222519Z.csv",
              "downloadFileName": null,
              "uri": "https://data.neonscience.org/api/v0/releases/RELEASE-2024/data/DP1.00024.001/WREF/2019-09/NEON.D16.WREF.DP1.00024.001.000.060.030.PARPAR_30min.2019-09.basic.20221212T222519Z.csv",
              "fileSizeBytes": 138984,
              "checksum": "358897d2a8529a8a136c2cdede7fb467",
              "checksumAlgorithm": "MD5"
            },
            {
              "fileName": "NEON.D16.WREF.DP1.00024.001.000.030.001.PARPAR_1min.2019-09.basic.20221212T222519Z.csv",
              "downloadFileName": null,
              "uri": "https://data.neonscience.org/api/v0/releases/RELEASE-2024/data/DP1.00024.001/WREF/2019-09/NEON.D16.WREF.DP1.00024.001.000.030.001.PARPAR_1min.2019-09.basic.20221212T222519Z.csv",
              "fileSizeBytes": 3974272,
              "checksum": "d13612d4ef363dee33053c0899c2d634",
              "checksumAlgorithm": "MD5"
            },
            {
              "fileName": "NEON.D16.WREF.DP1.00024.001.000.080.001.PARPAR_1min.2019-09.basic.20221212T222519Z.csv",
              "downloadFileName": null,
              "uri": "https://data.neonscience.org/api/v0/releases/RELEASE-2024/data/DP1.00024.001/WREF/2019-09/NEON.D16.WREF.DP1.00024.001.000.080.001.PARPAR_1min.2019-09.basic.20221212T222519Z.csv",
              "fileSizeBytes": 5251506,
              "checksum": "d4410bff3dc8b4949d29445427f9700c",
              "checksumAlgorithm": "MD5"
            },
            {
              "fileName": "NEON.D16.WREF.DP1.00024.001.EML.20190901-20191001.20240127T000425Z.xml",
              "downloadFileName": null,
              "uri": "https://data.neonscience.org/api/v0/releases/RELEASE-2024/data/DP1.00024.001/WREF/2019-09/NEON.D16.WREF.DP1.00024.001.EML.20190901-20191001.20240127T000425Z.xml",
              "fileSizeBytes": 470803,
              "checksum": "ac8531783620d9fe80520685c986132c",
              "checksumAlgorithm": "MD5"
            },
            {
              "fileName": "NEON.D16.WREF.DP1.00024.001.000.050.030.PARPAR_30min.2019-09.basic.20221212T222519Z.csv",
              "downloadFileName": null,
              "uri": "https://data.neonscience.org/api/v0/releases/RELEASE-2024/data/DP1.00024.001/WREF/2019-09/NEON.D16.WREF.DP1.00024.001.000.050.030.PARPAR_30min.2019-09.basic.20221212T222519Z.csv",
              "fileSizeBytes": 138845,
              "checksum": "6ba8cced11da3a9e822b14a8f0949ef5",
              "checksumAlgorithm": "MD5"
            },
            {
              "fileName": "NEON.D16.WREF.DP1.00024.001.variables.20221212T222519Z.csv",
              "downloadFileName": null,
              "uri": "https://data.neonscience.org/api/v0/releases/RELEASE-2024/data/DP1.00024.001/WREF/2019-09/NEON.D16.WREF.DP1.00024.001.variables.20221212T222519Z.csv",
              "fileSizeBytes": 26327,
              "checksum": "3b6925fa3e363273177f463c2844a2de",
              "checksumAlgorithm": "MD5"
            },
            {
              "fileName": "NEON.D16.WREF.DP1.00024.001.000.010.001.PARPAR_1min.2019-09.basic.20221212T222519Z.csv",
              "downloadFileName": null,
              "uri": "https://data.neonscience.org/api/v0/releases/RELEASE-2024/data/DP1.00024.001/WREF/2019-09/NEON.D16.WREF.DP1.00024.001.000.010.001.PARPAR_1min.2019-09.basic.20221212T222519Z.csv",
              "fileSizeBytes": 3898088,
              "checksum": "a5389709f373157926b4b7701b7d44cb",
              "checksumAlgorithm": "MD5"
            },
            {
              "fileName": "NEON.D16.WREF.DP1.00024.001.000.040.030.PARPAR_30min.2019-09.basic.20221212T222519Z.csv",
              "downloadFileName": null,
              "uri": "https://data.neonscience.org/api/v0/releases/RELEASE-2024/data/DP1.00024.001/WREF/2019-09/NEON.D16.WREF.DP1.00024.001.000.040.030.PARPAR_30min.2019-09.basic.20221212T222519Z.csv",
              "fileSizeBytes": 138528,
              "checksum": "a0c7083b684ee6a8541cab4d45ccabac",
              "checksumAlgorithm": "MD5"
            },
            {
              "fileName": "NEON.D16.WREF.DP1.00024.001.sensor_positions.20221212T222519Z.csv",
              "downloadFileName": null,
              "uri": "https://data.neonscience.org/api/v0/releases/RELEASE-2024/data/DP1.00024.001/WREF/2019-09/NEON.D16.WREF.DP1.00024.001.sensor_positions.20221212T222519Z.csv",
              "fileSizeBytes": 2383,
              "checksum": "c9118170c4b738293a9f34239c6cf1f0",
              "checksumAlgorithm": "MD5"
            }
          ]
        },
        {
          "release": "RELEASE-2024",
          "productCode": "DP1.00024.001",
          "domainCode": "D16",
          "siteCode": "WREF",
          "month": "2019-10",
          "packageType": "basic",
          "generationDate": "2023-01-27T12:07:53Z",
          "files": [
            {
              "fileName": "NEON.D16.WREF.DP1.00024.001.000.050.030.PARPAR_30min.2019-10.basic.20221213T021557Z.csv",
              "downloadFileName": null,
              "uri": "https://data.neonscience.org/api/v0/releases/RELEASE-2024/data/DP1.00024.001/WREF/2019-10/NEON.D16.WREF.DP1.00024.001.000.050.030.PARPAR_30min.2019-10.basic.20221213T021557Z.csv",
              "fileSizeBytes": 142567,
              "checksum": "c3c551606635f19ce7de8424cd1ebf0e",
              "checksumAlgorithm": "MD5"
            },
            {
              "fileName": "NEON.D16.WREF.DP1.00024.001.000.070.001.PARPAR_1min.2019-10.basic.20221213T021557Z.csv",
              "downloadFileName": null,
              "uri": "https://data.neonscience.org/api/v0/releases/RELEASE-2024/data/DP1.00024.001/WREF/2019-10/NEON.D16.WREF.DP1.00024.001.000.070.001.PARPAR_1min.2019-10.basic.20221213T021557Z.csv",
              "fileSizeBytes": 4144979,
              "checksum": "f2f91000d093565778409ec75cd590f3",
              "checksumAlgorithm": "MD5"
            },
            {
              "fileName": "NEON.D16.WREF.DP1.00024.001.000.020.001.PARPAR_1min.2019-10.basic.20221213T021557Z.csv",
              "downloadFileName": null,
              "uri": "https://data.neonscience.org/api/v0/releases/RELEASE-2024/data/DP1.00024.001/WREF/2019-10/NEON.D16.WREF.DP1.00024.001.000.020.001.PARPAR_1min.2019-10.basic.20221213T021557Z.csv",
              "fileSizeBytes": 4103939,
              "checksum": "0565aecf2002b6c931b9c9e774c97eef",
              "checksumAlgorithm": "MD5"
            },
            {
              "fileName": "NEON.D16.WREF.DP1.00024.001.000.060.030.PARPAR_30min.2019-10.basic.20221213T021557Z.csv",
              "downloadFileName": null,
              "uri": "https://data.neonscience.org/api/v0/releases/RELEASE-2024/data/DP1.00024.001/WREF/2019-10/NEON.D16.WREF.DP1.00024.001.000.060.030.PARPAR_30min.2019-10.basic.20221213T021557Z.csv",
              "fileSizeBytes": 142135,
              "checksum": "4c5c140fc46ee7a6c28553f8addf31e3",
              "checksumAlgorithm": "MD5"
            },
            {
              "fileName": "NEON.D16.WREF.DP1.00024.001.000.060.001.PARPAR_1min.2019-10.basic.20221213T021557Z.csv",
              "downloadFileName": null,
              "uri": "https://data.neonscience.org/api/v0/releases/RELEASE-2024/data/DP1.00024.001/WREF/2019-10/NEON.D16.WREF.DP1.00024.001.000.060.001.PARPAR_1min.2019-10.basic.20221213T021557Z.csv",
              "fileSizeBytes": 4119229,
              "checksum": "3c53fae97ef3dcfa1a8edc3a0506c150",
              "checksumAlgorithm": "MD5"
            },
            {
              "fileName": "NEON.D16.WREF.DP1.00024.001.000.030.030.PARPAR_30min.2019-10.basic.20221213T021557Z.csv",
              "downloadFileName": null,
              "uri": "https://data.neonscience.org/api/v0/releases/RELEASE-2024/data/DP1.00024.001/WREF/2019-10/NEON.D16.WREF.DP1.00024.001.000.030.030.PARPAR_30min.2019-10.basic.20221213T021557Z.csv",
              "fileSizeBytes": 140453,
              "checksum": "847eb0e741de67ceb1589e763296baaf",
              "checksumAlgorithm": "MD5"
            },
            {
              "fileName": "NEON.D16.WREF.DP1.00024.001.000.050.001.PARPAR_1min.2019-10.basic.20221213T021557Z.csv",
              "downloadFileName": null,
              "uri": "https://data.neonscience.org/api/v0/releases/RELEASE-2024/data/DP1.00024.001/WREF/2019-10/NEON.D16.WREF.DP1.00024.001.000.050.001.PARPAR_1min.2019-10.basic.20221213T021557Z.csv",
              "fileSizeBytes": 4139933,
              "checksum": "df8cec4f422a397d276068a64ac0772f",
              "checksumAlgorithm": "MD5"
            },
            {
              "fileName": "NEON.D16.WREF.DP1.00024.001.000.080.030.PARPAR_30min.2019-10.basic.20221213T021557Z.csv",
              "downloadFileName": null,
              "uri": "https://data.neonscience.org/api/v0/releases/RELEASE-2024/data/DP1.00024.001/WREF/2019-10/NEON.D16.WREF.DP1.00024.001.000.080.030.PARPAR_30min.2019-10.basic.20221213T021557Z.csv",
              "fileSizeBytes": 188497,
              "checksum": "67e617400f7163de6187bb136d8acb42",
              "checksumAlgorithm": "MD5"
            },
            {
              "fileName": "NEON.D16.WREF.DP1.00024.001.readme.20240127T000425Z.txt",
              "downloadFileName": null,
              "uri": "https://data.neonscience.org/api/v0/releases/RELEASE-2024/data/DP1.00024.001/WREF/2019-10/NEON.D16.WREF.DP1.00024.001.readme.20240127T000425Z.txt",
              "fileSizeBytes": 32950,
              "checksum": "0c0de61faade6dc702ec23b99476d601",
              "checksumAlgorithm": "MD5"
            },
            {
              "fileName": "NEON.D16.WREF.DP1.00024.001.000.070.030.PARPAR_30min.2019-10.basic.20221213T021557Z.csv",
              "downloadFileName": null,
              "uri": "https://data.neonscience.org/api/v0/releases/RELEASE-2024/data/DP1.00024.001/WREF/2019-10/NEON.D16.WREF.DP1.00024.001.000.070.030.PARPAR_30min.2019-10.basic.20221213T021557Z.csv",
              "fileSizeBytes": 142854,
              "checksum": "d90605a87fa3df8be94c6f57401bb8d8",
              "checksumAlgorithm": "MD5"
            },
            {
              "fileName": "NEON.D16.WREF.DP1.00024.001.EML.20191001-20191101.20240127T000425Z.xml",
              "downloadFileName": null,
              "uri": "https://data.neonscience.org/api/v0/releases/RELEASE-2024/data/DP1.00024.001/WREF/2019-10/NEON.D16.WREF.DP1.00024.001.EML.20191001-20191101.20240127T000425Z.xml",
              "fileSizeBytes": 470803,
              "checksum": "f46129e822a26d5437d382c6ba97e1e7",
              "checksumAlgorithm": "MD5"
            },
            {
              "fileName": "NEON.D16.WREF.DP1.00024.001.000.020.030.PARPAR_30min.2019-10.basic.20221213T021557Z.csv",
              "downloadFileName": null,
              "uri": "https://data.neonscience.org/api/v0/releases/RELEASE-2024/data/DP1.00024.001/WREF/2019-10/NEON.D16.WREF.DP1.00024.001.000.020.030.PARPAR_30min.2019-10.basic.20221213T021557Z.csv",
              "fileSizeBytes": 140817,
              "checksum": "63321b9563f59e0a1bd6a0b7e06bcb3f",
              "checksumAlgorithm": "MD5"
            },
            {
              "fileName": "NEON.D16.WREF.DP1.00024.001.000.040.001.PARPAR_1min.2019-10.basic.20221213T021557Z.csv",
              "downloadFileName": null,
              "uri": "https://data.neonscience.org/api/v0/releases/RELEASE-2024/data/DP1.00024.001/WREF/2019-10/NEON.D16.WREF.DP1.00024.001.000.040.001.PARPAR_1min.2019-10.basic.20221213T021557Z.csv",
              "fileSizeBytes": 4121368,
              "checksum": "97dd8299d1e707cf12bc3b84adcc43b8",
              "checksumAlgorithm": "MD5"
            },
            {
              "fileName": "NEON.D16.WREF.DP1.00024.001.variables.20221213T021557Z.csv",
              "downloadFileName": null,
              "uri": "https://data.neonscience.org/api/v0/releases/RELEASE-2024/data/DP1.00024.001/WREF/2019-10/NEON.D16.WREF.DP1.00024.001.variables.20221213T021557Z.csv",
              "fileSizeBytes": 26327,
              "checksum": "3b6925fa3e363273177f463c2844a2de",
              "checksumAlgorithm": "MD5"
            },
            {
              "fileName": "NEON.D16.WREF.DP1.00024.001.000.010.030.PARPAR_30min.2019-10.basic.20221213T021557Z.csv",
              "downloadFileName": null,
              "uri": "https://data.neonscience.org/api/v0/releases/RELEASE-2024/data/DP1.00024.001/WREF/2019-10/NEON.D16.WREF.DP1.00024.001.000.010.030.PARPAR_30min.2019-10.basic.20221213T021557Z.csv",
              "fileSizeBytes": 137448,
              "checksum": "652ede285c974d23799b3bd012f351e3",
              "checksumAlgorithm": "MD5"
            },
            {
              "fileName": "NEON.D16.WREF.DP1.00024.001.000.030.001.PARPAR_1min.2019-10.basic.20221213T021557Z.csv",
              "downloadFileName": null,
              "uri": "https://data.neonscience.org/api/v0/releases/RELEASE-2024/data/DP1.00024.001/WREF/2019-10/NEON.D16.WREF.DP1.00024.001.000.030.001.PARPAR_1min.2019-10.basic.20221213T021557Z.csv",
              "fileSizeBytes": 4072705,
              "checksum": "5d61ffa92b07cd23ad27ce27b4e99ce0",
              "checksumAlgorithm": "MD5"
            },
            {
              "fileName": "NEON.D16.WREF.DP1.00024.001.000.040.030.PARPAR_30min.2019-10.basic.20221213T021557Z.csv",
              "downloadFileName": null,
              "uri": "https://data.neonscience.org/api/v0/releases/RELEASE-2024/data/DP1.00024.001/WREF/2019-10/NEON.D16.WREF.DP1.00024.001.000.040.030.PARPAR_30min.2019-10.basic.20221213T021557Z.csv",
              "fileSizeBytes": 141993,
              "checksum": "ed955120469bc58fad328e1ff647b5b5",
              "checksumAlgorithm": "MD5"
            },
            {
              "fileName": "NEON.D16.WREF.DP1.00024.001.000.010.001.PARPAR_1min.2019-10.basic.20221213T021557Z.csv",
              "downloadFileName": null,
              "uri": "https://data.neonscience.org/api/v0/releases/RELEASE-2024/data/DP1.00024.001/WREF/2019-10/NEON.D16.WREF.DP1.00024.001.000.010.001.PARPAR_1min.2019-10.basic.20221213T021557Z.csv",
              "fileSizeBytes": 4010828,
              "checksum": "3017a7a74652fd94efda965c86c74b7a",
              "checksumAlgorithm": "MD5"
            },
            {
              "fileName": "NEON.D16.WREF.DP1.00024.001.000.080.001.PARPAR_1min.2019-10.basic.20221213T021557Z.csv",
              "downloadFileName": null,
              "uri": "https://data.neonscience.org/api/v0/releases/RELEASE-2024/data/DP1.00024.001/WREF/2019-10/NEON.D16.WREF.DP1.00024.001.000.080.001.PARPAR_1min.2019-10.basic.20221213T021557Z.csv",
              "fileSizeBytes": 5391483,
              "checksum": "b4457c7ef3ffd118c80cf76c11393101",
              "checksumAlgorithm": "MD5"
            },
            {
              "fileName": "NEON.D16.WREF.DP1.00024.001.sensor_positions.20221213T021557Z.csv",
              "downloadFileName": null,
              "uri": "https://data.neonscience.org/api/v0/releases/RELEASE-2024/data/DP1.00024.001/WREF/2019-10/NEON.D16.WREF.DP1.00024.001.sensor_positions.20221213T021557Z.csv",
              "fileSizeBytes": 2383,
              "checksum": "c9118170c4b738293a9f34239c6cf1f0",
              "checksumAlgorithm": "MD5"
            }
          ]
        },
        {
          "release": "RELEASE-2024",
          "productCode": "DP1.00024.001",
          "domainCode": "D16",
          "siteCode": "WREF",
          "month": "2019-11",
          "packageType": "basic",
          "generationDate": "2023-01-27T12:07:53Z",
          "files": [
            {
              "fileName": "NEON.D16.WREF.DP1.00024.001.000.060.001.PARPAR_1min.2019-11.basic.20221212T234123Z.csv",
              "downloadFileName": null,
              "uri": "https://data.neonscience.org/api/v0/releases/RELEASE-2024/data/DP1.00024.001/WREF/2019-11/NEON.D16.WREF.DP1.00024.001.000.060.001.PARPAR_1min.2019-11.basic.20221212T234123Z.csv",
              "fileSizeBytes": 3869680,
              "checksum": "c4816e38f4ac06bbae52dbd1bdfb9399",
              "checksumAlgorithm": "MD5"
            },
            {
              "fileName": "NEON.D16.WREF.DP1.00024.001.000.010.001.PARPAR_1min.2019-11.basic.20221212T234123Z.csv",
              "downloadFileName": null,
              "uri": "https://data.neonscience.org/api/v0/releases/RELEASE-2024/data/DP1.00024.001/WREF/2019-11/NEON.D16.WREF.DP1.00024.001.000.010.001.PARPAR_1min.2019-11.basic.20221212T234123Z.csv",
              "fileSizeBytes": 3869630,
              "checksum": "9ff5067c407d1520f3b726175454f04f",
              "checksumAlgorithm": "MD5"
            },
            {
              "fileName": "NEON.D16.WREF.DP1.00024.001.000.060.030.PARPAR_30min.2019-11.basic.20221212T234123Z.csv",
              "downloadFileName": null,
              "uri": "https://data.neonscience.org/api/v0/releases/RELEASE-2024/data/DP1.00024.001/WREF/2019-11/NEON.D16.WREF.DP1.00024.001.000.060.030.PARPAR_30min.2019-11.basic.20221212T234123Z.csv",
              "fileSizeBytes": 133179,
              "checksum": "3d466a79d836694339421c9794605e6a",
              "checksumAlgorithm": "MD5"
            },
            {
              "fileName": "NEON.D16.WREF.DP1.00024.001.000.050.030.PARPAR_30min.2019-11.basic.20221212T234123Z.csv",
              "downloadFileName": null,
              "uri": "https://data.neonscience.org/api/v0/releases/RELEASE-2024/data/DP1.00024.001/WREF/2019-11/NEON.D16.WREF.DP1.00024.001.000.050.030.PARPAR_30min.2019-11.basic.20221212T234123Z.csv",
              "fileSizeBytes": 134724,
              "checksum": "0f6156f7b32da1500e95ca49e507cec5",
              "checksumAlgorithm": "MD5"
            },
            {
              "fileName": "NEON.D16.WREF.DP1.00024.001.sensor_positions.20221212T234123Z.csv",
              "downloadFileName": null,
              "uri": "https://data.neonscience.org/api/v0/releases/RELEASE-2024/data/DP1.00024.001/WREF/2019-11/NEON.D16.WREF.DP1.00024.001.sensor_positions.20221212T234123Z.csv",
              "fileSizeBytes": 2383,
              "checksum": "c9118170c4b738293a9f34239c6cf1f0",
              "checksumAlgorithm": "MD5"
            },
            {
              "fileName": "NEON.D16.WREF.DP1.00024.001.000.020.001.PARPAR_1min.2019-11.basic.20221212T234123Z.csv",
              "downloadFileName": null,
              "uri": "https://data.neonscience.org/api/v0/releases/RELEASE-2024/data/DP1.00024.001/WREF/2019-11/NEON.D16.WREF.DP1.00024.001.000.020.001.PARPAR_1min.2019-11.basic.20221212T234123Z.csv",
              "fileSizeBytes": 3963398,
              "checksum": "8053792ef0480a9fb7732249a5bb84c8",
              "checksumAlgorithm": "MD5"
            },
            {
              "fileName": "NEON.D16.WREF.DP1.00024.001.000.030.030.PARPAR_30min.2019-11.basic.20221212T234123Z.csv",
              "downloadFileName": null,
              "uri": "https://data.neonscience.org/api/v0/releases/RELEASE-2024/data/DP1.00024.001/WREF/2019-11/NEON.D16.WREF.DP1.00024.001.000.030.030.PARPAR_30min.2019-11.basic.20221212T234123Z.csv",
              "fileSizeBytes": 134701,
              "checksum": "293c224105bff1dd1abe8e6fe299f6b7",
              "checksumAlgorithm": "MD5"
            },
            {
              "fileName": "NEON.D16.WREF.DP1.00024.001.variables.20221212T234123Z.csv",
              "downloadFileName": null,
              "uri": "https://data.neonscience.org/api/v0/releases/RELEASE-2024/data/DP1.00024.001/WREF/2019-11/NEON.D16.WREF.DP1.00024.001.variables.20221212T234123Z.csv",
              "fileSizeBytes": 26327,
              "checksum": "3b6925fa3e363273177f463c2844a2de",
              "checksumAlgorithm": "MD5"
            },
            {
              "fileName": "NEON.D16.WREF.DP1.00024.001.000.070.001.PARPAR_1min.2019-11.basic.20221212T234123Z.csv",
              "downloadFileName": null,
              "uri": "https://data.neonscience.org/api/v0/releases/RELEASE-2024/data/DP1.00024.001/WREF/2019-11/NEON.D16.WREF.DP1.00024.001.000.070.001.PARPAR_1min.2019-11.basic.20221212T234123Z.csv",
              "fileSizeBytes": 3989733,
              "checksum": "368db1c3750302a0979002bd3650ae0f",
              "checksumAlgorithm": "MD5"
            },
            {
              "fileName": "NEON.D16.WREF.DP1.00024.001.000.040.030.PARPAR_30min.2019-11.basic.20221212T234123Z.csv",
              "downloadFileName": null,
              "uri": "https://data.neonscience.org/api/v0/releases/RELEASE-2024/data/DP1.00024.001/WREF/2019-11/NEON.D16.WREF.DP1.00024.001.000.040.030.PARPAR_30min.2019-11.basic.20221212T234123Z.csv",
              "fileSizeBytes": 134970,
              "checksum": "1bcfef1e1e1e5b9a4b5f140a336dfc90",
              "checksumAlgorithm": "MD5"
            },
            {
              "fileName": "NEON.D16.WREF.DP1.00024.001.000.080.001.PARPAR_1min.2019-11.basic.20221212T234123Z.csv",
              "downloadFileName": null,
              "uri": "https://data.neonscience.org/api/v0/releases/RELEASE-2024/data/DP1.00024.001/WREF/2019-11/NEON.D16.WREF.DP1.00024.001.000.080.001.PARPAR_1min.2019-11.basic.20221212T234123Z.csv",
              "fileSizeBytes": 5150752,
              "checksum": "fa3ad7f3b8e21e7c56b90c74ac2e75d2",
              "checksumAlgorithm": "MD5"
            },
            {
              "fileName": "NEON.D16.WREF.DP1.00024.001.EML.20191101-20191201.20240127T000425Z.xml",
              "downloadFileName": null,
              "uri": "https://data.neonscience.org/api/v0/releases/RELEASE-2024/data/DP1.00024.001/WREF/2019-11/NEON.D16.WREF.DP1.00024.001.EML.20191101-20191201.20240127T000425Z.xml",
              "fileSizeBytes": 470803,
              "checksum": "59661c4f20bdac983b4f51c6560f9d52",
              "checksumAlgorithm": "MD5"
            },
            {
              "fileName": "NEON.D16.WREF.DP1.00024.001.000.030.001.PARPAR_1min.2019-11.basic.20221212T234123Z.csv",
              "downloadFileName": null,
              "uri": "https://data.neonscience.org/api/v0/releases/RELEASE-2024/data/DP1.00024.001/WREF/2019-11/NEON.D16.WREF.DP1.00024.001.000.030.001.PARPAR_1min.2019-11.basic.20221212T234123Z.csv",
              "fileSizeBytes": 3911146,
              "checksum": "e75110ad3f714538f3a9b6106f046245",
              "checksumAlgorithm": "MD5"
            },
            {
              "fileName": "NEON.D16.WREF.DP1.00024.001.000.020.030.PARPAR_30min.2019-11.basic.20221212T234123Z.csv",
              "downloadFileName": null,
              "uri": "https://data.neonscience.org/api/v0/releases/RELEASE-2024/data/DP1.00024.001/WREF/2019-11/NEON.D16.WREF.DP1.00024.001.000.020.030.PARPAR_30min.2019-11.basic.20221212T234123Z.csv",
              "fileSizeBytes": 135676,
              "checksum": "5adcee9298f49c82efe23fd7ea5872c0",
              "checksumAlgorithm": "MD5"
            },
            {
              "fileName": "NEON.D16.WREF.DP1.00024.001.000.080.030.PARPAR_30min.2019-11.basic.20221212T234123Z.csv",
              "downloadFileName": null,
              "uri": "https://data.neonscience.org/api/v0/releases/RELEASE-2024/data/DP1.00024.001/WREF/2019-11/NEON.D16.WREF.DP1.00024.001.000.080.030.PARPAR_30min.2019-11.basic.20221212T234123Z.csv",
              "fileSizeBytes": 179620,
              "checksum": "c288f61a72789c91699662cf00711f81",
              "checksumAlgorithm": "MD5"
            },
            {
              "fileName": "NEON.D16.WREF.DP1.00024.001.000.050.001.PARPAR_1min.2019-11.basic.20221212T234123Z.csv",
              "downloadFileName": null,
              "uri": "https://data.neonscience.org/api/v0/releases/RELEASE-2024/data/DP1.00024.001/WREF/2019-11/NEON.D16.WREF.DP1.00024.001.000.050.001.PARPAR_1min.2019-11.basic.20221212T234123Z.csv",
              "fileSizeBytes": 3923541,
              "checksum": "8cd5fc7853c54741fb1a087ea4ba85c8",
              "checksumAlgorithm": "MD5"
            },
            {
              "fileName": "NEON.D16.WREF.DP1.00024.001.000.070.030.PARPAR_30min.2019-11.basic.20221212T234123Z.csv",
              "downloadFileName": null,
              "uri": "https://data.neonscience.org/api/v0/releases/RELEASE-2024/data/DP1.00024.001/WREF/2019-11/NEON.D16.WREF.DP1.00024.001.000.070.030.PARPAR_30min.2019-11.basic.20221212T234123Z.csv",
              "fileSizeBytes": 137328,
              "checksum": "d79166a93b0101d262d113112be3ce0a",
              "checksumAlgorithm": "MD5"
            },
            {
              "fileName": "NEON.D16.WREF.DP1.00024.001.000.040.001.PARPAR_1min.2019-11.basic.20221212T234123Z.csv",
              "downloadFileName": null,
              "uri": "https://data.neonscience.org/api/v0/releases/RELEASE-2024/data/DP1.00024.001/WREF/2019-11/NEON.D16.WREF.DP1.00024.001.000.040.001.PARPAR_1min.2019-11.basic.20221212T234123Z.csv",
              "fileSizeBytes": 3925436,
              "checksum": "0a92a8e9f7418698b06ebfafa2f9e41e",
              "checksumAlgorithm": "MD5"
            },
            {
              "fileName": "NEON.D16.WREF.DP1.00024.001.000.010.030.PARPAR_30min.2019-11.basic.20221212T234123Z.csv",
              "downloadFileName": null,
              "uri": "https://data.neonscience.org/api/v0/releases/RELEASE-2024/data/DP1.00024.001/WREF/2019-11/NEON.D16.WREF.DP1.00024.001.000.010.030.PARPAR_30min.2019-11.basic.20221212T234123Z.csv",
              "fileSizeBytes": 132459,
              "checksum": "dbfd1829d810c7441d9aab575b2095fd",
              "checksumAlgorithm": "MD5"
            },
            {
              "fileName": "NEON.D16.WREF.DP1.00024.001.readme.20240127T000425Z.txt",
              "downloadFileName": null,
              "uri": "https://data.neonscience.org/api/v0/releases/RELEASE-2024/data/DP1.00024.001/WREF/2019-11/NEON.D16.WREF.DP1.00024.001.readme.20240127T000425Z.txt",
              "fileSizeBytes": 32950,
              "checksum": "8b414244c2af7cc15225cbda12257059",
              "checksumAlgorithm": "MD5"
            }
          ]
        }
      ]
    }
  ]
}